{
  "id": "4718596",
  "name": "no name",
  "font_family": "iconfont",
  "css_prefix_text": "icon-",
  "description": "",
  "glyphs": [
    {
      "icon_id": "1029",
      "name": "音乐",
      "font_class": "yinle",
      "unicode": "e600",
      "unicode_decimal": 58880
    },
    {
      "icon_id": "5075023",
      "name": "蛋糕",
      "font_class": "dangao",
      "unicode": "e641",
      "unicode_decimal": 58945
    },
    {
      "icon_id": "5387545",
      "name": "视频",
      "font_class": "shipin",
      "unicode": "eafb",
      "unicode_decimal": 60155
    },
    {
      "icon_id": "11372639",
      "name": "爱心",
      "font_class": "aixin",
      "unicode": "e8ab",
      "unicode_decimal": 59563
    },
    {
      "icon_id": "11372642",
      "name": "彩蛋",
      "font_class": "caidan",
      "unicode": "e8ac",
      "unicode_decimal": 59564
    },
    {
      "icon_id": "11372659",
      "name": "更多",
      "font_class": "gengduo",
      "unicode": "e8af",
      "unicode_decimal": 59567
    },
    {
      "icon_id": "11372711",
      "name": "图片",
      "font_class": "tupian",
      "unicode": "e8ba",
      "unicode_decimal": 59578
    },
    {
      "icon_id": "12899633",
      "name": "蛋糕",
      "font_class": "dangao1",
      "unicode": "e611",
      "unicode_decimal": 58897
    }
  ]
}
